{
  "engage-b2b.biz-tech-insights.com": [
    {
      "name": "Salesforce"
    },
    {
      "name": "Elastic"
    },
    {
      "name": "AWS"
    },
    {
      "name": "Zscaler"
    },
    {
      "name": "Net App"
    },
    {
      "name": "Dun and Bradstreet"
    },
    {
      "name": "Sailpoint"
    },
    {
      "name": "Tableau"
    },
    {
      "name": "Okta"
    },
    {
      "name": "Slack"
    },
    {
      "name": "Celigo"
    },
    {
      "name": "Synopsis"
    },
    {
      "name": "Quantum Metric"
    },
    {
      "name": "Onfido"
    },
    {
      "name": "Chronosphere"
    },
    {
      "name": "WNS"
    },
    {
      "name": "Klaviyo"
    },
    {
      "name": "Entrust"
    },
    {
      "name": "Flexe"
    },
    {
      "name": "Medidata"
    },
    {
      "name": "Rocket Software"
    },
    {
      "name": "Aryaka"
    },
    {
      "name": "Cadence"
    },
    {
      "name": "Rackspace"
    },
    {
      "name": "LeanData"
    },
    {
      "name": "Amazon Business"
    },
    {
      "name": "Pure Storage"
    },
    {
      "name": "saglobal"
    },
    {
      "name": "Datavail"
    },
    {
      "name": "Ollion"
    },
    {
      "name": "Platformr"
    },
    {
      "name": "-"
    },
    {
      "name": "-"
    },
    {
      "name": "-"
    },
    {
      "name": "-"
    },
    {
      "name": "-"
    },
    {
      "name": "-"
    },
    {
      "name": "-"
    },
    {
      "name": "-"
    },
    {
      "name": "-"
    },
    {
      "name": "-"
    },
    {
      "name": "-"
    },
    {
      "name": "-"
    },
    {
      "name": "-"
    },
    {
      "name": "-"
    },
    {
      "name": "-"
    }
  ],
  "b2b-engage.biz-tech-insights": [
    {
      "name": "ServiceNow"
    },
    {
      "name": "DTN New Energy"
    },
    {
      "name": "Unisys"
    },
    {
      "name": "Five9"
    },
    {
      "name": "Cloudflare"
    },
    {
      "name": "HPE"
    },
    {
      "name": "Ontra"
    },
    {
      "name": "Revvity Signals"
    },
    {
      "name": "Amdocs"
    },
    {
      "name": "Honeywell"
    },
    {
      "name": "Uber"
    },
    {
      "name": "Nightfall"
    },
    {
      "name": "Indeed"
    },
    {
      "name": "RingCentral"
    },
    {
      "name": "GXO"
    },
    {
      "name": "Verato"
    },
    {
      "name": "Opaque Systems"
    },
    {
      "name": "Heartland"
    },
    {
      "name": "ETQ"
    },
    {
      "name": "OutSystem"
    },
    {
      "name": "Pelago"
    },
    {
      "name": "Atlas"
    },
    {
      "name": "Zerto"
    },
    {
      "name": "Armis"
    },
    {
      "name": "Fastly"
    },
    {
      "name": "GitLab"
    },
    {
      "name": "Cloudera"
    },
    {
      "name": "AMD"
    },
    {
      "name": "-"
    },
    {
      "name": "-"
    },
    {
      "name": "-"
    },
    {
      "name": "-"
    },
    {
      "name": "-"
    },
    {
      "name": "-"
    }
  ],
  "insight.biz-tech-insights.com": [
    {
      "name": "Google"
    },
    {
      "name": "Trimble"
    },
    {
      "name": "Korn Ferry"
    },
    {
      "name": "Ford Pro"
    },
    {
      "name": "Oracle"
    },
    {
      "name": "Workday"
    },
    {
      "name": "Adobe"
    },
    {
      "name": "PTC"
    },
    {
      "name": "Rackspace"
    },
    {
      "name": "T-Mobile"
    },
    {
      "name": "Genesys"
    },
    {
      "name": "NetScout"
    },
    {
      "name": "Donately"
    },
    {
      "name": "Kaseya Backupify"
    },
    {
      "name": "iManage"
    },
    {
      "name": "Versapay"
    },
    {
      "name": "Zebra"
    },
    {
      "name": "DeepSeas"
    },
    {
      "name": "Commvault"
    },
    {
      "name": "Dataminr"
    },
    {
      "name": "Summus"
    },
    {
      "name": "Celonis"
    },
    {
      "name": "Calendly"
    },
    {
      "name": "EnterpriseDB(EDB)"
    },
    {
      "name": "Medius"
    },
    {
      "name": "Manhattan Associates"
    },
    {
      "name": "-"
    },
    {
      "name": "-"
    },
    {
      "name": "-"
    },
    {
      "name": "-"
    },
    {
      "name": "-"
    },
    {
      "name": "-"
    }
  ],
  "b2b-insight.biz-tech-insights.com": [
    {
      "name": "IBM"
    },
    {
      "name": "Palo Alto"
    },
    {
      "name": "Informatica"
    },
    {
      "name": "Lookout"
    },
    {
      "name": "Deloitte"
    },
    {
      "name": "Iron Mountain"
    },
    {
      "name": "Dell"
    },
    {
      "name": "Zendesk"
    },
    {
      "name": "MongoDB"
    },
    {
      "name": "KeepIt"
    },
    {
      "name": "Service Express"
    },
    {
      "name": "Level Access"
    },
    {
      "name": "Cloud soft"
    },
    {
      "name": "Everfox"
    },
    {
      "name": "Forest Carbon Works"
    },
    {
      "name": "EnterpriseDB"
    },
    {
      "name": "Kantata"
    },
    {
      "name": "NTT DATA"
    },
    {
      "name": "Demandbase"
    },
    {
      "name": "InfluxData"
    },
    {
      "name": "Cohesity"
    },
    {
      "name": "CyberArk"
    },
    {
      "name": "Radicl"
    },
    {
      "name": "Ping Identity"
    },
    {
      "name": "Wrike"
    },
    {
      "name": "CoreView"
    },
    {
      "name": "1Password"
    },
    {
      "name": "Leena AI"
    },
    {
      "name": "CrowdStrike"
    },
    {
      "name": "Mercer McKay"
    },
    {
      "name": "Insight"
    },
    {
      "name": "-"
    },
    {
      "name": "-"
    },
    {
      "name": "-"
    },
    {
      "name": "-"
    },
    {
      "name": "-"
    },
    {
      "name": "-"
    }
  ],
  "engage.biz-tech-insights.com": [
    {
      "name": "Cisco"
    },
    {
      "name": "Harver"
    },
    {
      "name": "Microsoft"
    },
    {
      "name": "Action Link"
    },
    {
      "name": "Lumen"
    },
    {
      "name": "Nutanix"
    },
    {
      "name": "ICF"
    },
    {
      "name": "Intel"
    },
    {
      "name": "SentinelOne"
    },
    {
      "name": "Delinea"
    },
    {
      "name": "Akamai"
    },
    {
      "name": "Grokstream"
    },
    {
      "name": "UKG"
    },
    {
      "name": "Visa"
    },
    {
      "name": "Egnyte"
    },
    {
      "name": "-"
    },
    {
      "name": "-"
    },
    {
      "name": "-"
    },
    {
      "name": "-"
    },
    {
      "name": "-"
    },
    {
      "name": "-"
    }
  ]
}