{
  "CS": [
  { "label": "TGIF (email marketing)", "value": "TGIF (email marketing)" },
  { "label": "TGIF (Tele marketing)", "value": "TGIF (Tele marketing)" },
  { "label": "ALPHA (ACE)", "value": "ALPHA" },
  { "label": "VIBE", "value": "VIBE" },
  { "label": "IP", "value": "IP" },
  { "label": "TAJ (ARC)", "value": "ARC" },
  { "label": "RAY (INSTA)", "value": "RAY" },
  { "label": "MTH", "value": "MTH" },
  { "label": "PHANTOM (Magento)", "value": "PHANTOM" },
  { "label": "W8 (CS)", "value": "W8 (CS)" },
  { "label": "ITBP-Techscore", "value": "ITBP-Techscore" },
  { "label": "CIOFirst", "value": "CIOFirst" },
  { "label": "CMOFirst", "value": "CMOFirst" },
  { "label": "CIVIC", "value": "CIVIC" },
  { "label": "EAGLE", "value": "EAGLE" },
  { "label": "Encore", "value": "Encore" },
  { "label": "ITDigest", "value": "ITDigest" },
  { "label": "Other", "value": "Other" }
],
  "Survey": [
  { "label": "PKT", "value": "PKT" },
  { "label": "API", "value": "API" },
  { "label": "W8-RB", "value": "W8-RB" },
  { "label": "W8-LE", "value": "W8-LE" },
  { "label": "W8-LA", "value": "W8-LA" },
  { "label": "W8-Techscore", "value": "W8-Techscore" },
  { "label": "MTH API", "value": "MTH API" },
  { "label": "ITBP PKT (.NET)", "value": "ITBP PKT (.NET)" },
  { "label": "HR Links", "value": "HR Links" },
  { "label": "W8-PB", "value": "W8-PB" },
  { "label": "HQL", "value": "HQL" },
  { "label": "W8-AP", "value": "W8-AP" },
  { "label": "Other", "value": "Other" }
],
  "E-Blast": [
    { "label": "ACE eblast", "value": "ACE eblast" },
    { "label": "W8 eblast", "value": "W8 eblast" }
  ]
}