[
  {
    "label": "EBN",
    "value": "EBN"
  },
  {
    "label": "UB",
    "value": "UB"
  },
  {
    "label": "HREM",
    "value": "HREM"
  },
  {
    "label": "AB",
    "value": "AB"
  },
  {
    "label": "DIG",
    "value": "DIG"
  },
  {
    "label": "Stamus-Networks",
    "value": "Stamus-Networks"
  },
  {
    "label": "R&I",
    "value": "R&I"
  },
  {
    "label": "FP",
    "value": "FP"
  },
  {
    "label": "FUTURIOM",
    "value": "FUTURIOM"
  },
  {
    "label": "SC-Media",
    "value": "SC-Media"
  },
  {
    "label": "AT",
    "value": "AT"
  },
  {
    "label": "AC-Business-Media",
    "value": "AC-Business-Media"
  },
  {
    "label": "DA",
    "value": "DA"
  },
  {
    "label": "TDM",
    "value": "TDM"
  },
  {
    "label": "NMN",
    "value": "NMN"
  },
  {
    "label": "DATIA",
    "value": "DATIA"
  },
  {
    "label": "OKTA",
    "value": "OKTA"
  }
]